-- MySQL dump 10.13  Distrib 8.0.27, for Win64 (x86_64)
--
-- Host: localhost    Database: cinema
-- ------------------------------------------------------
-- Server version	5.7.31

/*!40101 SET @OLD_CHARACTER_SET_CLIENT=@@CHARACTER_SET_CLIENT */;
/*!40101 SET @OLD_CHARACTER_SET_RESULTS=@@CHARACTER_SET_RESULTS */;
/*!40101 SET @OLD_COLLATION_CONNECTION=@@COLLATION_CONNECTION */;
/*!50503 SET NAMES utf8 */;
/*!40103 SET @OLD_TIME_ZONE=@@TIME_ZONE */;
/*!40103 SET TIME_ZONE='+00:00' */;
/*!40014 SET @OLD_UNIQUE_CHECKS=@@UNIQUE_CHECKS, UNIQUE_CHECKS=0 */;
/*!40014 SET @OLD_FOREIGN_KEY_CHECKS=@@FOREIGN_KEY_CHECKS, FOREIGN_KEY_CHECKS=0 */;
/*!40101 SET @OLD_SQL_MODE=@@SQL_MODE, SQL_MODE='NO_AUTO_VALUE_ON_ZERO' */;
/*!40111 SET @OLD_SQL_NOTES=@@SQL_NOTES, SQL_NOTES=0 */;

--
-- Table structure for table `artiste`
--

DROP TABLE IF EXISTS `artiste`;
/*!40101 SET @saved_cs_client     = @@character_set_client */;
/*!50503 SET character_set_client = utf8mb4 */;
CREATE TABLE `artiste` (
  `idArtiste` int(10) unsigned NOT NULL AUTO_INCREMENT,
  `nom` varchar(45) DEFAULT NULL,
  `prenom` varchar(45) DEFAULT NULL,
  `dateNaiss` date DEFAULT NULL,
  `image` longtext,
  PRIMARY KEY (`idArtiste`)
) ENGINE=InnoDB AUTO_INCREMENT=34 DEFAULT CHARSET=utf8;
/*!40101 SET character_set_client = @saved_cs_client */;

--
-- Dumping data for table `artiste`
--

LOCK TABLES `artiste` WRITE;
/*!40000 ALTER TABLE `artiste` DISABLE KEYS */;
INSERT INTO `artiste` VALUES (1,'Scott','Ridley','1943-01-26','https://fr.web.img3.acsta.net/pictures/14/12/10/16/47/273365.jpg'),(2,'Hitchcock','Alfred','1899-02-27','https://upload.wikimedia.org/wikipedia/commons/9/94/Hitchcock%2C_Alfred_02.jpg'),(3,'Kurosawa','Akira','1910-03-28','data:image/jpeg;base64,/9j/4AAQSkZJRgABAQAAAQABAAD/2wCEAAoHCBYWFRgWFhYZGRgaHB4eHRwcHBoeIR4cIRwhHB4hHhwcIS4lHB4rHxocJzgmKy8xNTU1HCQ7QDszPy40NTEBDAwMBgYGEAYGEDEdFh0xMTExMTExMTExMTExMTExMTExMTExMTExMTExMTExMTExMTExMTExMTExMTExMTExMf/AABEIASMArQMBIgACEQEDEQH/xAAcAAABBQEBAQAAAAAAAAAAAAADAQIEBQYHAAj/xAA8EAABAwIDBQYFAwQBAwUAAAABAAIRAyEEMUEFElFh8AYicYGRoRMyscHRQuHxBxRSYnIWI1M0gpKiwv/EABQBAQAAAAAAAAAAAAAAAAAAAAD/xAAUEQEAAAAAAAAAAAAAAAAAAAAA/9oADAMBAAIRAxEAPwDPNgjJK1sCVHwdQOFvt1/KkvqcSg81rT8xPuo/wGH5Xwc0arc5e3UJjACwyDvA+o+4QPpOeT80+Ata3qpGHfe4JnLT36yVeBwtxUuhVO7d0kGBlKAlOoA4tIJGkzmnfDa91hukZ6JtF85gDrIFBcYILTnKAj9nn9Jm/WZ8VGIcBB68wp9N5kXkJuNcDwHUQghNqMgNgg8YlGZQkHdc0gevqkNEQBqhmkf0z5ICiiNM/YeadWoiwnrlymyE1j23gkROnRRHP3tD4/ugiOaJvmvbgjPr7KT/AGpItBHXqgAX3Yvrkga18Z8cuFkRrQesuuKa/uxITqeIbYbslAFx09+aG0SeXXop76JcBugZ9a+KY7COyGnBABhAkdH8pr3MtZENOLEG8zIyPikLAMx9UAaPdGVvW/JTd6Wzu2twVOe6SwXAu2eCn0Ku6wAhBMa8GGn34+S9iGWkEjnH2SYbcddPrj/E2QR6jIvEdaQmNYFKYAcxbxXnsDTcWPV+aALaloRWNBznwi6HWawCRM9ZojK4AmeVkCfFAsAZQ3uJAzn6pld4LpHrlZPa+ctBPl48LIGMcZiT5+H8pz2uaZv+epRC8O4A+Cc/Dv7oh28RIH3QI2u6Liyc2pyGev7JcFhq73FjGOcRcgDLxOiHVqOYS1wuMwRdAvxCXTvR7JrmAX3rm/NRviTx9b/sntjhB4koC/EJMb0+XkvNaBM24IVSoP8AHl+U5jmnjxQNluZJGellLYbfMVG3jBEc45Izd5oBLYDsp+yCPWrHjP5UY05/hTn0mumHAcOCCaJFp69UFXWfLweFtfyrCjT9M41UbCU95jYucyQcuSnb8CIjrn9EA6LSx5ImLKW2raM+vdMp53d9PqvENPPzzQG3tfskeyQDfMZfZOpOvu6Re4soxpbrpMw6w69kBalIHI3ymyAKcWJWs2P2OxFYNduimw6vzjiG5+q1lD+n+GA773vJzO8Gj0A+6Dkz2agpWVCD9fPW67VQ7IYJsRQa7m4ud6ybqezYuGFhQpgcNxv4QcHe+4yA4jjxRP7t7SHB53hrqBw64Lttbs1hHTOGp/8AxA+ize2P6dUnguwzjSf/AIklzD63b1ZBzWhtStTeXse5rjYuGoPihYjEkul53iczlKk7V2XWw7tytT3Dof0u/wCJBgjqyr30+JB5X+yAs25dWSCIsbDyugMbAgG2UDqyVr4NvPggmnEuLGs7u4DOQnwlIWkARr1wUd9aM/W38Jf7gnXy1sIQGqPcM/Tr8qTTrh7YcTAy/ZQW4qBHX8ooe2JBk2QK97bNiCNfZI1x0EjnKQvvIuNeiiuqN6/hBX4YFrAJiw5KX3iIzHXFLTpgtGV7IbWRxvzKB/wMgTkimhuxE356Juesq32Dsp2JqNpsBj9TiPlaMyesygj7O2TUrvDKIJdqcgBxcdF1Ds72Sp0GtdUDalTPeIs0/wCoP1VxszZzKDAym0AAZ6nmTqVMQOXiAbLwTkCQlheHukc2c0CFJCekJQRcdgKdZhZVY17Do4T6cDzC5X2x7Cf27TXoFzqQu5hu5g4g/qbx18V12UytTDgWuEhwII4g2I90HzeSwDVOa1p45qy7T7IdhcS+lB3ZlhOrDlB1IFvJVRfJgR48OuKBz4Ayg/RI9py6j1TmOIsRIOk9dBebB0g/wga2k512t5ZIpwrheOfRQ3FzYgmOCk0cc628bRcQgC6odePBSGVqcXbB8fole9riAGk34eyGygDPe3YORQDDc4OehhPZUtBnkgsbGv3Tw2Yy5IJmGw7nvaxg3nuIAjUldp7PbHZhqYYLuN3u4u+wGix39ONhgH+5cP8AVngPmfHsPNdCceGqA08V5CY+8IjXa3QOSpAlJQebCdMIZJ0vzSgIPZpQkcvSgeUxyeE0lBU9oNh08XRNKoL5sdAlrosR9xquGbW2Y/DVX0qjYc02N4cNHCRkvoghV21tjUMSzcrMDxocnN8HC4QfPRAn5v3RWsNoMk6Lcbe/prVYS7DO+Iz/AAMB488neoWHr4ZzHlj2uY9ubXgg+hCAtFxnP1iPRI+jukOAiD5KPuHoooe+IMeCDzXuGWvv1ZOcHOJMA+X4CJTeCACYi4N0OpVdOfogQ0yLn01j8IhpuLd8AkAx4H7JjqznAg3IsJzhPwlR4O4CQC4T7eiDt+xmBlKk0WDWNH/1/MqeHwSOdlFwhljOBaB7J5JDkEsOE9dcU+mgNF+uipGk/wAoCN42XgfRDAOqeHAZ+QQPSSvFwXiUCTdOlNTkDgmlR8ftClQbv1XtY0auIHpxPgsFtn+pObMLTLj/AOR4geIZmfOEHQq1RrGlznBoGpIAHmVmtp9vcDRt8XfPBgLvfL3XLsU/E4x8ve+oT+m+6PBosAld2Vrhs/DJtOYQanG/1bZvbtHDOJ0L3Bvs2Sq7EdqhjN1mJw1MtNg9pcHsnVrlhcThe8DEEZgjT0zUzDPLYHPmgZjMO6nUew33XEA2uJgHzCXfPEev5UvaziarnAC4bredwTIUMxHygdawgRoE6GNFMawEDLzt91EYzdvuiPH7gpKrjOX0P2QI9p100yRMNVggmcxl+SigDIyPf+FH/t4dZ3nH1Qd12NWljPAEKZiRcFZjshjt+k0T32iB5aeK0xrAtF/PhJi6BoqEGJuZj+VJw9cWBz56/uo2Iwm80AGCDLX/AOLhx4g/QqOyoXEsI74zjIc54e6C0qVB8ouc4nLx4BOZnfPX9uSCBuiMzqTrzTqZQEcURqEJnxWU7XduqeFJp0wKlYZj9LP+RGZ/1CDV4zGU6TS+o9rGjMuMD9yuc9of6mm7MGydPiPHl3W/c+ixWJxWJx1QOe51RxNm/pH/ABAsAthsDsg2mQ+tDnf4ZgeJOaCiwGw8XjnirWe53+7zA8GjL0Cu/wDp2mwhpDnxmcm/W61OIxW4ywJIFmtFzwhUFDZ2Jr1i7EuNOjuu3WMOv6bi5OpmyCwwbGs3WsaAOSPtWoWsMa28youysKW9x7pINjxH2V9iaTHs3ImdefJBgdq1qFMuApms+mB8V091gdbvc76C2qyrd0d8iw+UDPl/K6k7DsaHsaxrQ+A8D9UcTmQuadpcK6nXI/QfkjKNQPBBXh5LiTeTM/wU154dWTbk55pwadb+aB9Kk48evNENJ3+B680Km+LdeCI155/X8oC1KrSQT5nRMe+NPAxZBBOWufFEY+LA+X7INJ2P2gWv+GDG8QZ4X/ePNdLcx24d1wBI10cOPJccwOLLajXbtpgnx+l113ZDzWYHuMgWPM/hBNoF72DfAYP1EEmf+M5DmVKotgQBA4I7WpCxAJ6cxkX0Sv3WgucQGjMk2AXHf6iduX1ycNhJFK4e8WL+Ibwbz1QWvbj+pbWB2HwRDn/K6qMm8QyPmdpOQ5rC7A2bUxL91skm73unU3JJzKzdLDOJ3SCLXPXNdh7L4RtNhDYiBca2n1QWmx9kMw7QGCXH5nak/YcleUG7wVW6opmErwgOKYBByjrVNxJnVSjByt1xUWq3kgjUWCZ048VcUaYOeXO6qiIUmlid1uvBA/EUg4Qs52g2a19F7C3vAbzeThlH0Wip7zrxA8Uu0KLS3ekTkUHCWs3rxlny/dPBt4ddeKLtrCfDxFRo+WZ8j3h9fZRae7mR7oCGrAiPVEDjAzHp+6ZAMGevwnFpGRB8Agk7gsW38NOrKM5pm4InUKcyhedOuaG6lHXoUAHXtJ85XZOwBLsI1xMkkzygwuQuYBYk3vb8rrP9Ov8A0rYy3nfVBrDko+NxbKTHPe4Na0SSTEBC2vtSnhqbqtV4YxozP0AzJ5LkVbb79rYk0t/4VJsljTm6NXcT9ED+1vaipi5ZTLmUZsBYvA1cPeFB7O7E+O9zHEDcibXgzEDjYrY4DszSp0w2N94JBJmJ0gDS6bh9kjBPa/eL997Q+dJOYHC/sgibQ7JUQwhgh0fMePE+afsfCupMDHXcLSD6LX49gN1QVaZDigUN3ZMmCZve/nl5IuHfJzQXCy9RBlBbUqpUj4gi6hsNkRj78kC1j6eKCxztzeAJjTly/CLJNkahTc3wj0M/ugp9pNxtZh/t3tohoze2XOPAN0HNUOA2viXVWUMTLRcF4buh5FwAcoPJbd7ibKv2jRbuuDnAR3gZyP2Qc27V1WOxL8rQPYfZUzmN0seClbRZvVXkunvH0+6CKY/SQBz4oPUqpjdjr6o0cBM84+682gBm7zb/AAkFIf8Akj1H5QTb3mNU0m0Z9cU0F28e7bn9k8vcP038UDQ2Bl5Z9arfbC2/SwWz/iVJMEw0fM9xNgJ6C5+0unI2zzOii9p6jnUaTbwySRcXnPrigh9qu09bHVN+oYYD3GD5WD/9O4lVuz8a+jUZUZ8zSCJ+hjQ/dRROfv7KVg8NvHeAmOElB27Ym22YimKrB3XAb41Y8cuHNWmOotrUywkS6zXTkQZBhcc2Jth+FfvsMtPzN0cPsV1rY+26WLpyw31baQefV0ANn4WvTY9tVweAQWEGSOIM6JKnp1wVuWNDHb/uqcO0KAZN/oi0zBQqtsvRLSdCCfTRWFRqdSUXf5oJIfAlCr4sAHedA1J0QvjaTKcyk0mXCQMpQQnbRqP7uHb3daj7Dh3RmfRAds17mxVqg72e40gnzJKuKuIAFoEafwsvt3EYp7XfCLWgagS48hoEGH2rhm0qz6bcmmxOcQDeNboDGSOfkvYljmvcH3fPeJN55+qQvb9cygMGQARcfuvEE6epGqbRgi58B15J28dL9eaC2w2EdVcGMa55PDTxJtC1WzuyLGtms4ud/i0wBbjmSr/DYNlJgZTaAPcniTqUaev3QYvtnsoYeiKmHYZBAcAbQdSc5JgWWGpYw1AQ5hBGhE6c+K7DtTCiox7TnB3RpvAWtreM1SdldlBjC6oxvxHEnvC7RoOVkC9nuy2GYxr3tFQuaD3hLRN7A/VVW1+yDMO/42GO40m4za0nQjVhPpK2lGGyLRpyUhzAQRYg2IORH4Qc2qbFZXkBvwa4+Zn6Hc2kaHiPNZ1vxsNUO6XMe21uoIXSNq7J3AHMktafEs+5b9Ehw1KsGiqwOIiCfzw5IMlgNvYmrUb8R5cxpndgAE6TAuVrGY0OM8fUFSMVs+maW41oYBlAFjxWbJLTu8OvsgvTWjwzT21eBWf/ALyDeeuCVm1WjPyQaShUNipBes9htrsJ+ZWlDFsnMeqCU6Zk5KfhniFBfVBFikY/nZBPbSa4km4CiYtg8BoPJFGIsqfHbYp0p33DK10GI7UMIrm+YH0jzVZuWvr+VM2jiviv3wCBfxz/AI9FEiPLz6sgeGaZxy/HmkeIiJPnCVvLgvGnzA8T9EHanQhucUjXSkpiXfdAQ29FDxFVwbvtEkCXNGZbrHMZx4qdVyKj4exCBcNXbUYHscHNdeR1ZHpu/lZnGbMrYao6thRvsed6pQ56uZoDrH1VxsvaLK7N9hMzDge65p4OByKCw3eHmoVbAgS5gsc2D3LefJThZKDwQVQaC21xx4Ktx+zmuEwBqrzFYeO+yxzI48/FQ3wRyQZDEYF3he3NVeJ2STMET1mtnVwshRqmFtr7IOdVMO9ji02I5/dKzEVGmz3WWl2xgnG4EuA9ov4/ss+Z4IDU9sV2gd8lG/6gxGjx6dSolHDve9rGiXEwB9zyHNaUdld1oLXlzwLyBBPK0hBUtxuJeCS+AfLrVQKlEzLpJnM3Pqp2PYafde1wdxEwfBQm1c9Z1OSB1NgJTJEnqye1rc98JXtGQPjE9eaBzC22R9OpyXpHAeRj6ZoRYAYBjmlawmb/AFQdecYkcbjx165omGKbWNp4JcM+yA1Z3go1Vuo05qRVyTKMRCAtB0hQ8RgAX/EZ3H5bwFnDg4D5h9EakYMeiktMoB037whwg8OtEpEXBsmYimSO6QHDI59BMweJ350cIDm27pznmDx5IJLHEqvxlKDOh9j+FOLQPHj1mmvgiDcIKlxAQnOan4sbpIIVLi8VukifNBLqXPL7LO7Z2a10vpiHDMceKnNxR4nrgg4jECkzffcnIWz8ED+xmDAD6rsz3G8gM7+NvJa3D0e5J1WL7KYpxc5mj7jkdY8j7LfUwIA5IKnaGBa8FrmggrFbW2M9hJbdnADL9l0esyyg1aE+CDmjKbQJz9EVpOjRP7qy7R7JLCXss288ud1QN5/j6aIJu7PCeSaGDggsAt7yetUoZwcPMIOw2yhNpMgx6eCeU8ibjNA9CiLorTZJUy+iDzmT+U9qRhskGeaB8eCq9qYR4IrUfnZmzR7dW+PA81aA+aVo8UEPBYttZge3LUHNpFiCNDKkGnAOSh1sHuPNVgO6+1RgyJyDwP8ALjxHgpoIIkIK7auHLmEtu5vuNQsTiKji/dB8fsujH+Suddqz/a1XEjuVO8znxHiCfcIK7auK3GQ1wk+P0VEzFAOl53jzMlV+PxzqjpNhw/KHhmN3u+DHORHPNB0bsbgzesYAIhg4ic/DRbdjlzLYW23UXNY9xLCe67hyXQ8HWkAyDznkgmVKW95GyE+kjNfz+qRwzyQVGNw0tLTwWD2ps74b8u6co+i6XWZe6o9q7OD2OafEHgUGGJuABHHo5JxJFonzTn0S1zgQZFj46yT5Jge2BcoOutGaK1CHJPQNMg8vuisMhNaF6l7hA9redkSNL2XrJYy1QNMDkntITXDkkHBA6eCA5m7cZcFIDrZIbzKBGvEKo7VbHbicMWbu85veZx5gHmPsrIP3Tu6aKUx4CD59xeBNOo9js2OIKh1Rum2edp64re/1A7Pup1HYlgmnUPe/0eeM6HT04LCYmIy65eXggn7MxDXn4b/ldaOBykXteFpuz+030Hmm528z9JPDgeB/ZYfCPh7YN556ea1e1cM0Uab2WfvOnmRE/VB0fC4nfAINiptJ4XO+z+3DAafC/wC62eExcweus0FiWTJ66solaneFMo1ARdNqhBi+0WzoPxB5qhOFJuCIXQ8bQD2ls9eCxtbDfDJbf1KDogS3HFea2PVOcLIFY5K+1xpn4JoI4/ZK19s0BwZv9krWmUFj4tpp4cERzkD7c0u75JjUpPUoHFnikDeafHsnBx0Pkgh4qgS22a9h3yJ4KbCjfDDXEz3TcoBbVwgq0KlMgEPY5t8pi3vHovn2swtlpzBg3m4zg+MrpvbvtkGN+Bh3d8xvPH6QDMA8TF/3XMqh1Jk89dZy8/VAPBNl7LDMDox+FscW3/tNGcPcNRn/AAsns5v/AHWW/UNI/forYYgSx3J8oMviCWP7s8R9x4nxWj2Ht+Ia4wbW18+H7qk2hRLmu/ybJGptn7SVBfhntayqLtcMxNjqDe17DSyDsGA2gHxdXDXg5rjuxtuuYbkxPPP7LpWytoio0EH3QWr6WapsZgxvXHhYn6K9w7ror2zmEA2vSucmA8k5sfygbvJd8+Ka4Z8043QLvEi2iLReIF5PX3Q2uXmWPIoDuKc13HLihuI5zCQ+/wBEBviHglInU5znH00Q2m2SI0IFNUjNv3QMSxtVj2bxALS2QSCJEWOilD7JTTBuYlBwXtHsWrhqxbUFiO44ZOaOB4z9VU1WZff839+C75t7Y7MTSdSeBJux1+68ZEfQjUErhO06LmPcxwhzSQ4QZkfVA7Y53azDoDw4+XU6rWYYbzao5g/ZZDZzyHtnKR9vCVrcM+C85Hd5dSgra7YdPryPinbBO6alEwWzvCRm12eac5+9c+3EqPhXlldjpgEFpzyOXv8AVALauwyzvsuyLjVuvmPyk2Dtl9F8SSzn9vb2WnMeKotr7ImX028y0D6e9kHRdi7UFVoIIlaMZC64z2T2qaVVrSTukgX0vC6yKwgG1xwQOaV4k8etfumtbkh70eSA+aG0Ju+JgePkiUzIQEZMJCmudNvNKwcboHz7p7TyQwnMBQHa3JFhBB4FEDkD268k9p068EEP5pw8UCub11zXN/6n7B7oxTG3BDatvJr/ALHxC6Q6bXUTHYRtRj6bxLHtLXDkc/PVB8+YOS9scslpXV92m46uMDmAq6lgPhVqgJn4bnN5ktMfaUryXOA4fygMK1vP9l7EW3Twj2uOuajz3vD1RRJ88vwg0DKlgRrCcSYkegULAV+43u5WJ9vspTi2EFftDZ2+3fZLXi8EC/hwK1/Zra3xKDd752910zmFnHMJzyTPhOZ8jw2c7EzGWqDo4164Ib/wvLyBanyg+P1S4f5R1xXl5AVufXBSG/qXl5ArRIT3deq8vIPaBPOfXFeXkHn/AIT6H5Xl5ArcvGfqE1pXl5ByXtWwDGVxGoKqWZjn+P2Xl5BE/WptLQeH0K8vIJuzfk/9x+pVi1gg26heXkEEVnXvx+qlUsh4fcry8g//2Q=='),(4,'Woo','John','1946-04-29','https://upload.wikimedia.org/wikipedia/commons/0/02/John_Woo_Cannes_2005.jpg'),(5,'Tarantino','Quentin','1963-05-30','https://fr.web.img3.acsta.net/pictures/19/05/22/10/33/5945451.jpg'),(6,'Cameron','James','1954-06-30','https://www.premiere.fr/sites/default/files/styles/scale_crop_560x800/public/2018-04/abaca_357031_019_0.jpg'),(7,'Tarkovski','Andrei','1932-11-23','https://oursmagazine.fr/wp-content/uploads/2019/12/Andrei_Tarkovsky-225x300.jpg'),(8,'Henry','Thomas','1971-09-09','https://fr.web.img6.acsta.net/pictures/17/08/02/11/44/356491.jpg'),(9,'Spielberg','Steven','1946-12-18','data:image/jpeg;base64,/9j/4AAQSkZJRgABAQAAAQABAAD/2wCEAAoHCBUVFRgVEhUYGBgYGhocGhgZGBgYGBgYHBgZGhkYGBgcIS4lHB4rIRoYJjgmKy8xNTU1GiQ7QDs0Py40NTEBDAwMEA8QHhISHjQkISQ0NDQxNDQ0NDQ0NDQ0NDQ0MTQ0MTQ0NDQ0NDQ0NDQ0NDQ0NDQ0NDQ0NDQ0NDQxNDQ0NP/AABEIAQQAwgMBIgACEQEDEQH/xAAcAAABBQEBAQAAAAAAAAAAAAADAAIEBQYBBwj/xABBEAABAwIEAggEAgkDAwUAAAABAAIRAyEEEjFBBVEGEyJhcYGRoTKxwfBC0QcUI1JicoKS4RbC0jOy8RUkY5Oi/8QAGAEAAwEBAAAAAAAAAAAAAAAAAAECAwT/xAAkEQEBAAIDAQABAwUAAAAAAAAAAQIREiExA0EyUXETYYGhsf/aAAwDAQACEQMRAD8A84NNcyJgrp3XBVpnxpQldLrAlnCNUapB6eHpkhdBCZaEzpB6ZZdQWjw9dzJgCMyi7XKSNrWJ+oS2NGZk4FS6XDnvAJtcyT5QijhD9r+A9DCOUVxqBKSlVeHvbctMc8pEeRRGcNe74Wu8xl9ByT5QuNQlxSq2Cez4hHogvY5uoIS2Vlga6kkmRQuLqSA4uLqSA4uLqSASSSSAoesK71hQ11RtuIKpT21kCF0I5UJIrLorKOF1PkSU2spmGoOfr2RzNvQbqBhKWZwbOpW84LgWMYHOAEaFxmPAc/TzSuWjmO0HAcMdHZY895GvfGgFtZWiwPApMuzf3SPMmyn4Z7YBAt3x7Kd18X27rf8AhZ3KtJjAG8LYIsJ8lIGCaNGlMbjG+A8d/H8kVmKm4AH3tufZTtUjrME3doH34odbBtAjKB/SCfOylmuAJ3OgAk+ZnRV1fDVak3cOQm3mBFkc5Fz55VCxXVt1aB4sHsFUVWUnzDQ0c4jXu8lMxXAKgnXXme66psdhHsZkMi8z4afX2RMxl8tTtVcRwppuvodCNCoecK/pva9hZU30/hOoI9dO5ZPGl1N5Y60Fb45b9c2XzkqdmXVVNxSIMUr6RxWK4oIxS6MUjRcU1JRBiU8YhGhxSEkD9YCSNFqqXKu5UbKllWTUHKugIuVdDEAwBdARAxOaCNFWy0tuj+Fl5c7RomCLkyLcwr3E8QyGJk/u8hy+/wA1V9H5Ac505PH4nSLAffyQi/tOcSNZ8DrHiJ91ll61xnS7p8ZcBJsdmCR6k/ChN404m9+Q8FTurgmAM3iMsfzX+a1fRbo/JFWrcnQRA9FnldRvhhyqbwnD1KpnIR3/AJrWYPgh1JjzJPupOBptZZW1Nyy5Wui4zGdRGo8LYLxJ70c4YI4euF6eojeSK+kNICquKcNY9sOA/LvVxVNlCxD7FLemmtx5hjuHGnULT5HbxVdxvo494zSJ2i/Ofotzxxsw60/d1Fr0XOp9kNNu8fmt8MtxyfXHVeO4jDuYSHCIQS5a/j9HMHZmwQNDr5fcLHOWku3PZos5Tg8oaSohxUKQqlABTgUboG60pIaSrdCblXcqO2mnGmp2SNlTmsRxTTm00AxjE9tMTpKMxiPSZcJaG03rnCmMxyidhADdoHrrdVePxTjDWFpb/CR7wblWXEjmGW42Av8AJUjcOQ4tO0d1ydFi3kXHR/AGpUbmuBc725T4r1TANAA7tFiujdBrQdAd/uVusDUpsaC8i+wv8lnnt1/PUibRZm3I8gptFsaunyj5KrxWPpATnDR5NjxlDwXF2OMteCJi+/eCs5LGvq88z6p096jNxDSYEfLwTauIYNT7lNPEq9U6QfHb1UCu+xUnr81gD4wq/Guy/eqSr1FdxOAwg31KqMLiW6THKdI7nffkpvEa3ZWdxJgS3z5jvW+Hjl+gfHmCTmPO/kvO6zC1xB2K13E8dmET5rK13BznG8n0WuNc+URoShEDU6FbMKEoRYXISBqSdCSYaFjE4sRISVcdoDyLuRPShGj24GojHAGTsuAJ7W80WdF+Xa3EJI7Gv4jB3i1vmVHdgDV+EnmI3OoE8tFbHAB9NrxEsJHj9yFYcFw+ak1wgFriHaWAiDbS0ey5pe677jrGX91TiOizeobUpkh/WMY8OvOdwZMRqHOHur88Kw2GJL2tyN3Jl5jWZuHbwu8QdLcwaMmZjnncZHteSB4NI9VeHo1hsQOsYHvI/A9/Ynlb/IU3O2ernzm+oyGJ49w+oC39sCbDLLh5NdIHkFWM4uxjopv7AO7XNIg6FtyPL2W4qcDotMPwBDv5Gf8Ae3UeKo+KcHa6rTZTpFuZ4Lzc5Gw7KDOp3/p71Uyxvp3HKea/wusH0vwuWOuBdlgktLBOsdpVx6ZMzOAfmMnLlBdbxAhWvTPoxhhgg+jRYxzHMOZohxYXBrg472JN+SxtPohiHEt/WKbIjL2nCRzgCfmpmONmxc8969/hsMN0idlzdW/xax5t3wCj/wDr9Ku0tDmh42kZu8QbyspQ4dxLCDM2s2q0H4MznZu4Zm/VQ+PvpYlrHsLG1HPa0t0eyZDs4iYsTzsnMMbSuWUm/wDVXvE8bksdP8ffoqFmKJmTr96IPEODVWNBZWe9pbOV4InLBOUEnLbbVRa4DAwybggxPxA6+hb7pySTqsst29xEx1JwLo0g6XVMQtLXqdkggSI7577qhri5WmLDP1HXQutCM2mqRQYShFdTXAxGwHCSN1aSYaEhLKjZUsqrZA5V0NRsq6GI2DGsXcqM1idkS2Fl0fbmzsMQcutrnMJ+SQweIw7izIQKjiTN25dLRvF13glRjKrQ+MjxkdPMkFpB2IIC1VTD9iC5zu1bMZIBF9Fy5245b/d3/GzL56v4QuFYcOblNxFxzB1CnYWcPLaOZwB+AtzgDYMfmadOZcgvf1LM25sIWe/1I/MW0muc6YsN/oon9m+Ovy1tXjj2gl1MsnQu7cf0yPmhcCdMuex2Z5Lg934xMBwjwHlAFgFTYXglbEHPjHOyi+QGBpbNGv34oZ6aFj2Mq0iwskAEdkgGJad9NE9HbI3vE8M2pQcw6OaWnzEfVU9HCUa7epq5esaBLA6HDbOyb5TFiPA3BCE/pphiwmb8vJZXi/EqGOpDq2B1am4Q+DEEyWF+4uY79Ea2neq12F6Lhj5D3kC8Ohw8pGqqH8Pw/XPq0abGhrS0OHw1KhPbfGhDfhBG7n8gq3gbaFTLnfUD22NOpUe9gPexxIVzxWucm2kWjSLJX+1O7vqi4hWL+053wgw0Sbkd6oatMWaYMusJi9wYMdxVnjmuDC4CTYAeJ1PgLpmIo5WAu+Pa2kzMeXzV4+SRhZ3cr4osW/LYNBF7G8XOqoqwJJPNaaph5UN+CW/jhuVtU1CmVY06NkVuHARQIVQqiVKCF1KnEJpajSUHq0lKypI0pdQlCS6qBZUoTlwIB7GomVcYESEAGpTkEdx02PNW3R7jL6z3MqCMjAZ/eOZrSe7/ACq4iRH3C50ceP1gk2zU3NtbVzY85Cx+snrf45WXX7tXxIZmDlqoePpsw7RUYyWgDMGgTvOlzMouFxGYOafibPqD/hGojrMggRaTMiNoGy5p1Xb7JFbT6XMEda11M6BpDrjx052/wo3H2YfFNhlRgd8QdNw4Cw++a0ONwDTMskdzZM7QN1WO4NhXtcx8MfOrYbN92m0yrxyl9PhLNbYvhHDiakVPhEXMXMTGUDbvW+wVOnTEWggTvaefPf8ApVP/AKNph0trFw5w36Fcb0WEkNr1tNGkAfJXlYz/AKdxH4/wthIq0HjNprZwHfsR7/IPD8Q8gtqaiZ9FZdHuG9WztuLyCYzEkg7A+R+7IL6eQOebTss7ezluu6kYOn2SRF5uRMeHjZZ/jLy2pkBByiXHm47AdwhPwvSJzGPBZN3ZNxrafYqhfWc4y4yTqtfnhd7rD7fSceMvqYaoQnvCjZ0pXR05DnOQynZF0MSBkLhCLlTS1NIMJJ+VJI9LEOT5QgE4IM9EaEIIrCmBmtT4SanQgGwncM4c4GpUaeyxknuLntA8Nz5KJjcVlaQ27vl3la39HVNlXCVWOHxVXteTq6adMgk8h2fRTcZl0rDK43bOfrxZiGv/AA1JDv4XtsflPkVqOHhknls0WaCfO58Vmuk/CamGJa8wPiY7WcpgO8R8Dh4HvJeG4lhhztx2bSQ4A2vsubjZdV38tzc/ltX0y4CHGRNxPLu+/VRX4N5M5Gu9ibju+Si4XivYHPe8x4+h9/BWDce2ztzIaNyd/op42eKmWOU7J+DZA/YkRB1gGBvHfCVOiBeMu9tfP2RKHE2kkRoATeSLwJnvt3JmLx7R5HUd+kFPVvpZaitx9TYACZL9rGJI5FZrj/E8wyNKkcT4i59m+E+f3ZZqtUlx9PRXjjvJlnlccf5BzbR9+K5KcUwro8cdOaURqCE/OmWhZSlDzpZkDQi4VyUkDRkJLuVJILXqkuqTX49n4QT7D3UapjnnQAe590gl9WkABqQPNVdSs86uPr+SCUbC9GIYPxD1lCxGJkQwx37+SoGYtodD5aRpOh7wd1OFYRYynsacqCFtP0YYwf8AuqY1zU3geILCR/a2fEcisM+rPcrnobxIYbEsc6zH9h/cHfC6N4MT3Fw3TxvYkes8Q4e3E0jTfE/hdu18Q119iCGnxadyvGeIU6mErPo1G5YMtkWi8ObO2o7oI2Xs7XFrwdiCCDpG99xcg8pn91Q+mPRhmOpWtVZem82M6ZXHk4jKeTgDuUfTDc3PW/yz11fHllHib23bfnG/qj/6gFgQ5sCBawkjSOUE3VHXwtWg5zHhzXNMEEQQeRH5WTWPcTDhm9JXPK6bjGiPSKRlpm57p1ifkFIo1Xuu4m/jGuijcHwtI2aO1z38I5/kpzaD80AbpWiYI2Ihoc4yGtF4EuA5gbkclnK9NzHQ4zoQ4XDmkS1zTuCIKvulTgxrKYPae6T/ACthzj8lP4zw1jsHSrABrmOyVBoG5zLRcaS5sd73rT5y6tYff/jINenDVSjhV1uGVbc20ZzUN5Vg6iotbDlGxtHL1xr0Q0Ch9QU+R7FD08OQOrKIGlPcCTCSHJXUdAxz4sE3Mglyc0o0WhISIXAmvbIIQblRjSMpE923qmMYGiGj00/ykx0i+osU6EA0Lpnb1704BcKA9s4Ljeuw9OtEFzQSBs7QwDbUOAPcWnQK4wGJBsYjv00iCT+EiBf+E6ysF+jniAfhqtAntUXOeG//ABvFy2dg8OzDTtNOyuOO1nNoVsk5sjmtuRLnMIAnW5drvm7zG07hq/pDxnA42sKFJrn1Q4sFWA2m4/uOcSDz7URNxIJKzmI4M1pyva9h3lsH3ChdHMGxha6u06gbgFuoEt1addxuC3faHFMzfsn/ALP9xz5Z3hvaAHiJIKy+nxlvTo+X14zV7jK4Dhz6b81OXNMTzF7Og/Rad7AwE25k/kiMwDzcZL3a4ZgQDB0I9kHirXMZrmebNgRc7hq47bvTtmtbjK8Sw3W4hkmbZQLRJcCRfewjmRGhW+wfBxWwlek8fGxzWwIGUtLmPvuHdb/cFkhRZhf22LeW5R/02NzvEmO0bNab2EzMWT8L+lU9bDMMBh7ACT1oaIBNuyTrA2zanbr+Usx1XD9sseV0y3R/Hda3I/42jfVwFvUK4NFZPjjepxlQ0j2XP6ym6I7D+2yx1EOj1V3w7j9N4Af2H7z8JPMH80ac1iwNFCfh1Ma4ESCCOYuuwloIBwqacKrDKuFqOIVrsKmnCqyypFiOIVf6ukrPKkjQZOF0JALkqjEzLsoYKcEAx1ndzvn9/JIOXXtkR9gpjXTffQ+KAeFwlPCcGIC26I8SGHxLHunKZY8DdjtfPfxXoXSCiHsyWc1zmuaQSA5shzHjuzEE3Gjt8y8la7KQRsQfReu9CRTxDC17pLAMo1/ZvBaY5CXN05BaYXob7RG4BkNZADHAMjQMkljD3ZRVpj+koeK4P1boc0wTqLEDLLr7gS//AOpbnF8FpPBhuUkXy2BkEyRpMkmf4Qm4ZgJNGteHEscd2uEEeID4P8xKrktS9GcEKrHMe5zXNggWMNNnA+D21G+QR+LdGzBLKhzEEB0QWC12wdTz8VZ8PoGnWaZ+Lsu8XMBn++nU/uU7jGLyMJABdoAd3GzW+ayuGPPciv6mWuO+nzt0xwzxXdQN8jrEfizBhBPf2vYoPRnhRe5weCMpAymQSSJHhY+/eF6nV6NMl9Zglzsz5ddxJD3WO3ZqMt/AFXPoMp1HVJsGkx3MBLYsdZGog+QW3HvaGA6cUG9eCwQ1kU/DKPAb5tlSVqEAPZ5/mtDxVpdTeXASQTPN2sjzVNhHy1ZZ49s5dn4DHvaey6PkfELTYTirTAqQ08/wn8lksRSy9oackeiXQJPkoVpuAuQs9gOIuZY3by5eC0FCo14zNMj5dxTJ2FyETKllQA4ST8qSAxNN6eUGmbXRAUGcutK4AuwgHNQniHT+9Y+P39EULlVkghAMYUVr0BhkTuLFPBQD3LW9DOLOouY+5yy1wEXYdfQEEd4CyBcrHglSHlvMT6behVYXsr4+iqbw4AtMhwkHmDDpHk4oWKw2ccnA2PfBB9yf7VmegfFusYaDz2qfwXuWEER/SSB4EclrQZ8494/5FO7xqpd9obAXZSR2hGbbtNc10+YLz5kKNi3irWazVjDmd3vD2RfuGb3UrF1srMzQS52UADWXXnyzOPmVG4dhcrNO07MT5l5E/wB49kQVLo4cZRAgwAN/wNaPcj0WH6e8JyND2ODWPeA5gBkgAloBmA2RJEcoIuD6EBH33k/7QsT+kmpDaLNiST/SG/8AJPG7qcvHm2IwsgtBm3KFlMIIzNOxI9CtpUN4+kLJYhuWs8fxT6gKvpOtpwPBTHNhdc0FJhOhWLQmvUvCYtzDLT4jYjkVXtKfmQGzwWMbUEt13buP8KTCw1HFFhBaSCN1puE8W6w5Hxm2I3jUeO6E6WUJIuVJAecYerIEqSCq3Du0U9hSUK1OTAV2UwfKchgroKCDfZ3c7Xx/yulydUbmEffigsdIk6ix+/vVIHgouGqZXtdyN/A2PshJFOdBueEY52HqsqsuWGY0kaFp8RIXsOGxDX02vaZa5rXA92UH17JXhOBr5mMdJmIPlYr0HoHxbXDvJ7V6c7GHZ2//AKzeRW2U3NpxurptjTkjuBHnBb66IwgaePpf5Nam0DYHmZ8nOkeyc38vk3/iVnVnRt98j8nLzj9ImInEMb+6ySO9xJ+UL0aPy+h93FeQdKsb1mJquabZsonkIFlWE7Rl4pXG4NoWX4iIru8vmVqKu0c/VZrjLYrTzB/7iq+nicfTAlK4EnrFqj0yiSg0kWUEE910XAYose13Koz0m/sVGxL4KZTfadJcPSRKQepQkm9YElQeVUT81NY5QA7tHxUqm5SaW1yeEFj09rkwKF1MBTpQHZQHnK+dnWPjt+XmjSh12y0hIOnklKHSfmbfUWPinQmFxwSpIeyYi/kbH6eqvcDiix7XscQ5pDgdYINjB+SynDamWo3+KW+unvC0FB0Ogn78lthdxllNV7TwTHtr0GVG7tAI/dc3NI9vSFYP38/k8fRea9CeL9XV6kmG1ZidA8NcG375j0XpOa+m/wDueozmq0xu4i8XxfVUaj92hxHjLi33DV4lWqScxkkmfXmD5L0bp/xEdT1YN3lo9IJPrAXmZu7WYgAbBaYTURne9DVtlm+Mf9Rv9XzC0lVpi/33LN8XM1G+LvojP9JY/qDXH6LoXHaFYNEZpuiIT9USUgi47RKoyGjkAnYy4HiEx9ch7csdkg6SJBm43CA9O4dgKgpUwXXDGA+OUJKHS6Y0sozNgwJEaGLpLXWP7p3XmTTdSmOUNHYVipNYUQOUZjkWUzSGuSzIbHJ0pgSUihhyfKAjB2R/c6x8dipDnIGKZITsPUztvqLFICtdFxtdaIPmHCbgEeYWcKvOFvL6YHKW625ifIj0WvzvekZLSk8yCNtDoQdivXejvGRiKDXH4wQ18RGZrmydZ7WYHzPJeOUpFj5EfSFZ9HePuw1R8SWuY4EbZ4zMf5GB4ErTLHacbqrLp1jw6u2mIIpMAP8AOR2r8/yWXFj98/8AKWJque8veSXPJc4wCZJ3TA9VE27u0giRv6rN8XA6wefyatC+pA07/ZZriFXO8Hx+YWef6VY+kFx2n3ySBSdosWiJV2KICg1DZEagA4nuXKVNrRmcdfuAlie5BZhnHVIC/ro/dST+oCSAr0VhQkRhSAwKMHKO1EBQY7SiAoDHIzUwcE4JoTgUwVQSFBY/I6djY/mrABQsTTSCYe5WfAqsOe3mA4eIsfmFRYKr+E6jTwVlw1+Wqw8zlPn/AJhVjdWJy7jRlV1WtDXPIkEkmxNm6Ky8fZU+LpudTIbE8r3h1wABrbddGXTKI1Gu992TB3JtHK6smVZso2BwbgyRnZJmIaY5/FB23j6l5Y9p7Qb3EW9pMKcbdCxOeRkJPI6eBWZxDgXiNhpyurt9eGO8hr996pKpl4P8I+Z+kKfp4rH0Qpr7A+BTih4h0NPp6rJqiPPZRKbrKO8mLO9kI1HDdIhsU5JuJUd1UnU+wTmU0A/rykhyuJGGE9qSSCFC6kkgxWo4SSTB4XUkkwcEKv8ARcSSCDUsQRqrQHQ72PnK6kiE1T9fIqNQ/F/M75hJJdX5YfhIJXXsB1+9VxJUFRj9hsqp/wAf9Lfkkksc2mI6jY34fP6JJLJohlttSo7zdJJKkajMKSSQASSSQH//2Q==');
/*!40000 ALTER TABLE `artiste` ENABLE KEYS */;
UNLOCK TABLES;

--
-- Table structure for table `film`
--

DROP TABLE IF EXISTS `film`;
/*!40101 SET @saved_cs_client     = @@character_set_client */;
/*!50503 SET character_set_client = utf8mb4 */;
CREATE TABLE `film` (
  `idFilm` int(10) unsigned NOT NULL AUTO_INCREMENT,
  `titre` varchar(45) DEFAULT NULL,
  `annee` varchar(4) DEFAULT NULL,
  `resume` varchar(512) CHARACTER SET utf8 COLLATE utf8_bin DEFAULT NULL,
  `Artiste_idRealisateur` int(10) unsigned NOT NULL,
  `Genre_idGenre` int(10) unsigned NOT NULL,
  `image` longtext,
  PRIMARY KEY (`idFilm`),
  KEY `fk_Film_Artiste_idx` (`Artiste_idRealisateur`),
  KEY `fk_Film_Genre1_idx` (`Genre_idGenre`),
  CONSTRAINT `fk_Film_Artiste` FOREIGN KEY (`Artiste_idRealisateur`) REFERENCES `artiste` (`idArtiste`) ON DELETE NO ACTION ON UPDATE NO ACTION,
  CONSTRAINT `fk_Film_Genre1` FOREIGN KEY (`Genre_idGenre`) REFERENCES `genre` (`idGenre`) ON DELETE NO ACTION ON UPDATE NO ACTION
) ENGINE=InnoDB AUTO_INCREMENT=46 DEFAULT CHARSET=utf8;
/*!40101 SET character_set_client = @saved_cs_client */;

--
-- Dumping data for table `film`
--

LOCK TABLES `film` WRITE;
/*!40000 ALTER TABLE `film` DISABLE KEYS */;
INSERT INTO `film` VALUES (1,'Alien','1980','Durant le voyage de retour d\'un immense cargo spatial en mission commerciale de routine, ses passagers, cinq ommes et deux femmes plongés en hibernation, sont tirés de leur léthargie dix mois plus tôt que prévu par Mother, l\'ordinateur de bord. Ce dernier a en effet capté dans le silence interplanétaire des signaux sonores, et suivant une certaine clause du contrat de navigation, les astronautes sont chargés de prospecter tout indice de vie dans l\'espace.',1,2,'https://fr.web.img3.acsta.net/medias/nmedia/18/35/14/60/18363837.jpg'),(2,'Vertigo','1958','Scottie, inspecteur de police, a été limogé parce qu\'il est sujet au vertige. Un de ses vieux amis le charge de surveiller sa très belle femme, Madeleine, dont le comportement étrange lui fait craindre qu\'elle ne se suicide. Scottie la prend en filature, la sauve d\'une noyade volontaire puis s\'éprend d\'elle. Cependant, en raison de sa peur du vide, il ne parvient pas à l\'empêcher de se précipiter du haut d\'un clocher.',2,7,'https://encrypted-tbn0.gstatic.com/images?q=tbn:ANd9GcRJXzhF_CQa9t9VZAiVtOmFmPfpceyiziANK14kj0rMh3kX4Kv4'),(3,'Psychose','1960','Phoenix, Arizona. Marion Crane et Sam Loomis sont amants mais le manque d\'argent compromet leur mariage. Sam doit verser une pension alimentaire à son ex-femme et éponger les dettes de son père. Marion supporte de plus en plus mal cet amour se limitant à des rencontres furtives. De retour au bureau, elle assiste à une transaction immobilière entre un riche client et son patron, qui la charge de déposer à la banque 40.000 dollars.',2,2,'https://fr.web.img2.acsta.net/medias/nmedia/18/35/44/77/18672162.jpg'),(4,'Kagemusha','1980','En 1573, le Japon est le théâtre de guerres incessantes entre clans rivaux. Le plus puissant de ces clans est commandé par Shingen Takeda. Au cours du siège du château de Noda, Takeda est blessé à mort par un tireur embusqué.',3,6,'https://upload.wikimedia.org/wikipedia/en/5/50/Kagemusha_poster.jpg'),(5,'Le Syndicat du crime','1993','Sung Tse-Kit, un jeune policier idéaliste, tout frais émoulu de l\'académie de police, a pour frère Tse-Ho, un séide du syndicat du crime de Hong-Kong. Tse-Kit ne peut que désapprouver les agissements de Tse-Ho et les deux hommes sont contraints de rompre leurs relations.',4,1,'https://media.senscritique.com/media/000004981001/source_big/Le_Syndicat_du_crime.png'),(6,'Pulp Fiction','1994','L\'odyssée sanglante et burlesque de petits malfrats dans la jungle de Hollywood à travers trois histoires qui s\'entremêlent. Dans un restaurant, un couple de jeunes braqueurs, Pumpkin et Yolanda, discutent des risques que comporte leur activité. Deux truands, Jules Winnfield et son ami Vincent Vega, qui revient d\'Amsterdam, ont pour mission de récupérer une mallette au contenu mystérieux et de la rapporter à Marsellus Wallace.',5,4,'https://static.posters.cz/image/750/affiches-et-posters/pulp-fiction-cover-i1288.jpg'),(7,'Avatar','2009','Malgré sa paralysie, Jake Sully, un ancien marine immobilisé dans un fauteuil roulant, est resté un combattant au plus profond de son être. Il est recruté pour se rendre à des années-lumière de la Terre, sur Pandora, où de puissants groupes industriels exploitent un minerai rarissime destiné à résoudre la crise énergétique sur Terre.',6,5,'https://www.telerama.fr/sites/tr_master/files/ea70fd04-d87a-40ef-8fad-ba3cce3d94ea_2.jpg'),(8,'Stalker','1979','Stalker, sorte de guide, accompagne un physicien et un écrivain dans la zone, vaste no man\'s land ou jadis est tombe une météorite. Ce territoire contient un secret: la chambre des désirs exauçant les voeux de ceux qui s\'y rendent.',7,4,'https://media.senscritique.com/media/000006360574/source_big/Stalker.jpg'),(9,'DREAMKATCHER','2020','Gail est psychothérapeute à Manhattan. Elle part s?installer quelques temps au calme dans les montagnes avec son beau-fils Josh qui souffre de terribles cauchemars. Ils ne tardent pas à rencontrer leur étrange voisine Ruth qui collectionne les attrape-rêves. Quand Josh lui dérobe l?un d?entre eux, ses cauchemars disparaissent mais son comportement en est profondément modifié.',8,7,'https://fr.web.img4.acsta.net/c_310_420/pictures/20/09/09/10/49/5356195.jpg'),(44,'Il faut sauver le soldat Ryan','1998','Tandis que les forces alliées débarquent à Omaha Beach, Miller doit conduire son escouade derrière les lignes ennemies pour une mission particulièrement dangereuse: trouver et ramener sain et sauf le simple soldat James Ryan, dont les trois frères sont morts au combat en l\'espace de trois jours.',9,1,'https://fr.web.img2.acsta.net/medias/04/22/53/042253_af.jpg');
/*!40000 ALTER TABLE `film` ENABLE KEYS */;
UNLOCK TABLES;

--
-- Table structure for table `genre`
--

DROP TABLE IF EXISTS `genre`;
/*!40101 SET @saved_cs_client     = @@character_set_client */;
/*!50503 SET character_set_client = utf8mb4 */;
CREATE TABLE `genre` (
  `idGenre` int(10) unsigned NOT NULL AUTO_INCREMENT,
  `libelle` varchar(45) DEFAULT NULL,
  PRIMARY KEY (`idGenre`)
) ENGINE=InnoDB AUTO_INCREMENT=23 DEFAULT CHARSET=utf8;
/*!40101 SET character_set_client = @saved_cs_client */;

--
-- Dumping data for table `genre`
--

LOCK TABLES `genre` WRITE;
/*!40000 ALTER TABLE `genre` DISABLE KEYS */;
INSERT INTO `genre` VALUES (1,'Action'),(2,'Horreur'),(3,'Comedie'),(4,'Dramatique'),(5,'Fiction'),(6,'Peplum'),(7,'Thriller'),(8,'Guerre');
/*!40000 ALTER TABLE `genre` ENABLE KEYS */;
UNLOCK TABLES;

--
-- Table structure for table `internaute`
--

DROP TABLE IF EXISTS `internaute`;
/*!40101 SET @saved_cs_client     = @@character_set_client */;
/*!50503 SET character_set_client = utf8mb4 */;
CREATE TABLE `internaute` (
  `idInternaute` int(10) unsigned NOT NULL AUTO_INCREMENT,
  `prenom` varchar(45) DEFAULT NULL,
  `nom` varchar(45) DEFAULT NULL,
  `email` varchar(45) NOT NULL,
  `password` varchar(45) NOT NULL,
  `admin` int(1) DEFAULT NULL,
  PRIMARY KEY (`idInternaute`)
) ENGINE=InnoDB AUTO_INCREMENT=12 DEFAULT CHARSET=utf8;
/*!40101 SET character_set_client = @saved_cs_client */;

--
-- Dumping data for table `internaute`
--

LOCK TABLES `internaute` WRITE;
/*!40000 ALTER TABLE `internaute` DISABLE KEYS */;
INSERT INTO `internaute` VALUES (1,'Mohammed','Tobji','mohammed.tobji@lycee-jeanrostand.fr','tobji1234',0),(2,'Mohamed','Madani','mohamed.madani@lycee-jeanrostand.fr','madani1111',0),(3,'admin','Test','admin','1234',1),(4,'Internaute','Test','internaute','1234',0),(7,'Florian','Dauvergne','flo.dauv@orange.fr','1234',1);
/*!40000 ALTER TABLE `internaute` ENABLE KEYS */;
UNLOCK TABLES;

--
-- Table structure for table `jouer`
--

DROP TABLE IF EXISTS `jouer`;
/*!40101 SET @saved_cs_client     = @@character_set_client */;
/*!50503 SET character_set_client = utf8mb4 */;
CREATE TABLE `jouer` (
  `Artiste_idArtiste` int(10) unsigned NOT NULL,
  `Film_idFilm` int(10) unsigned NOT NULL,
  `role` varchar(45) DEFAULT NULL,
  PRIMARY KEY (`Artiste_idArtiste`,`Film_idFilm`),
  KEY `fk_Jouer_idFilm_idx` (`Film_idFilm`),
  KEY `fk_Jouer_idArtiste_idx` (`Artiste_idArtiste`),
  CONSTRAINT `fk_Jouer_idArtiste` FOREIGN KEY (`Artiste_idArtiste`) REFERENCES `artiste` (`idArtiste`) ON DELETE NO ACTION ON UPDATE NO ACTION,
  CONSTRAINT `fk_Jouer_idFilm` FOREIGN KEY (`Film_idFilm`) REFERENCES `film` (`idFilm`) ON DELETE NO ACTION ON UPDATE NO ACTION
) ENGINE=InnoDB DEFAULT CHARSET=utf8;
/*!40101 SET character_set_client = @saved_cs_client */;

--
-- Dumping data for table `jouer`
--

LOCK TABLES `jouer` WRITE;
/*!40000 ALTER TABLE `jouer` DISABLE KEYS */;
INSERT INTO `jouer` VALUES (13,1,'Eliott'),(14,2,'Scottie');
/*!40000 ALTER TABLE `jouer` ENABLE KEYS */;
UNLOCK TABLES;

--
-- Table structure for table `noter`
--

DROP TABLE IF EXISTS `noter`;
/*!40101 SET @saved_cs_client     = @@character_set_client */;
/*!50503 SET character_set_client = utf8mb4 */;
CREATE TABLE `noter` (
  `Internaute_idInternaute` int(10) unsigned NOT NULL,
  `Film_idFilm` int(10) unsigned NOT NULL,
  `note` int(11) NOT NULL,
  `commentaire` varchar(128) NOT NULL,
  PRIMARY KEY (`Internaute_idInternaute`,`Film_idFilm`),
  KEY `fk_Noter_idFilm_idx` (`Film_idFilm`),
  KEY `fk_Noter_idInternaute_idx` (`Internaute_idInternaute`),
  CONSTRAINT `fk_Noter_idFilm` FOREIGN KEY (`Film_idFilm`) REFERENCES `film` (`idFilm`) ON DELETE NO ACTION ON UPDATE NO ACTION,
  CONSTRAINT `fk_Noter_idInternaute` FOREIGN KEY (`Internaute_idInternaute`) REFERENCES `internaute` (`idInternaute`) ON DELETE NO ACTION ON UPDATE NO ACTION
) ENGINE=InnoDB DEFAULT CHARSET=utf8;
/*!40101 SET character_set_client = @saved_cs_client */;

--
-- Dumping data for table `noter`
--

LOCK TABLES `noter` WRITE;
/*!40000 ALTER TABLE `noter` DISABLE KEYS */;
INSERT INTO `noter` VALUES (1,3,5,'Bof, la fin n\'est pas à la hauteur du reste du film'),(2,1,7,'J\'ai adorer le film !');
/*!40000 ALTER TABLE `noter` ENABLE KEYS */;
UNLOCK TABLES;
/*!40103 SET TIME_ZONE=@OLD_TIME_ZONE */;

/*!40101 SET SQL_MODE=@OLD_SQL_MODE */;
/*!40014 SET FOREIGN_KEY_CHECKS=@OLD_FOREIGN_KEY_CHECKS */;
/*!40014 SET UNIQUE_CHECKS=@OLD_UNIQUE_CHECKS */;
/*!40101 SET CHARACTER_SET_CLIENT=@OLD_CHARACTER_SET_CLIENT */;
/*!40101 SET CHARACTER_SET_RESULTS=@OLD_CHARACTER_SET_RESULTS */;
/*!40101 SET COLLATION_CONNECTION=@OLD_COLLATION_CONNECTION */;
/*!40111 SET SQL_NOTES=@OLD_SQL_NOTES */;

-- Dump completed on 2021-12-16 21:38:28
